<?xml version="1.0" encoding="utf-8"?>
<edmx:Edmx Version="3.0" xmlns:edmx="http://schemas.microsoft.com/ado/2009/11/edmx">
 <!-- EF Designer content (DO NOT EDIT MANUALLY BELOW HERE) -->
  <edmx:Designer xmlns="http://schemas.microsoft.com/ado/2009/11/edmx">
    <!-- Diagram content (shape and connector positions) -->
    <edmx:Diagrams>
      <Diagram DiagramId="c3ed4869e6ee4956a6cae625618f255b" Name="Diagram1">
        <EntityTypeShape EntityType="AlbumModel1.Image" Width="1.5" PointX="0.75" PointY="0.75" IsExpanded="true" />
        <EntityTypeShape EntityType="AlbumModel1.UserDetail" Width="1.5" PointX="2.75" PointY="0.75" IsExpanded="true" />
      </Diagram>
    </edmx:Diagrams>
  </edmx:Designer>
</edmx:Edmx>